short,accuracy,cost,calls_per_sample,mean_latency,mean_lat_per_call,mean_in_tokens,mean_out_tokens,mean_total_tokens,mean_turns,calls_std
C3 Haiku,45.0,3.42143625,6.22,205.21953388810158,39.49804753717435,62848.65,1116.015,63964.665,3.725,2.691022110648666
Haiku 4.5,65.0,11.966787,5.84,208.7438881957531,40.864428828445696,54060.585,1154.67,55215.255,3.725,2.1294130646729865
Opus,72.0,60.78438,5.515,222.82203030586243,45.34218346984837,54796.855,1197.505,55994.36,3.725,2.0321847849051524
Kimi K2.5,68.5,3.8615724,4.66,228.14732003211975,60.02136214657195,30427.72,350.41,30778.13,3.725,2.5737909783041824
Ministral,33.5,0.9798118499999999,7.335,213.77033862829208,45.320013346186336,31953.28,707.115,32660.395,3.725,8.915872082976517
Qwen3 32B,50.0,0.97474185,4.69,211.27265519976615,54.810363483897234,31093.195,349.55,31442.745,3.725,2.621812350264603
Qwen3 Next,71.0,1.87225365,4.7,226.32241130113601,55.492483781936144,55355.175,881.66,56236.835,3.725,2.092844953645635
gpt-120b,61.0,1.1254498499999999,3.985,208.92561613321305,59.50937188752492,32733.795,1195.3,33929.095,3.725,1.398132683260069
gpt-20b,39.0,0.43744874000000006,4.815,204.2204722893238,54.30300824659006,25840.66,1261.325,27101.985,3.725,3.401584189756296
